City_ID,City,Country,Date,Lat,Lng,Max Temp,Humidity,Cloudiness,Wind Speed
0,Tasiilaq,GL,2022-07-06 22:18:18,65.6145,-37.6368,38.64,88,100,3.74
1,Vagur,FO,2022-07-06 22:18:18,61.4732,-6.8119,48.24,86,14,18.66
2,Ishinomaki,JP,2022-07-06 22:18:18,38.4167,141.3,72.61,86,74,10.47
3,Aykhal,RU,2022-07-06 22:18:19,66.0,111.5,54.39,74,2,10.16
4,Srandakan,ID,2022-07-06 22:18:19,-7.9386,110.2506,74.97,90,98,4.97
5,Tamandare,BR,2022-07-06 22:18:20,-8.7597,-35.1047,75.33,88,3,10.94
6,College,US,2022-07-06 22:18:20,64.8569,-147.8028,83.59,50,1,4.14
7,Ushuaia,AR,2022-07-06 22:18:20,-54.8,-68.3,22.57,86,20,5.12
8,Concepcion Del Uruguay,AR,2022-07-06 22:14:07,-32.4825,-58.2372,62.98,94,100,1.01
9,Turinskaya Sloboda,RU,2022-07-06 22:18:21,57.6232,64.3858,52.81,86,84,5.86
10,Rikitea,PF,2022-07-06 22:18:21,-23.1203,-134.9692,75.54,68,52,19.84
11,Havoysund,NO,2022-07-06 22:18:22,70.9963,24.6622,51.26,82,61,2.73
12,Andenes,NO,2022-07-06 22:18:22,69.3143,16.1194,52.93,79,100,21.16
13,Keti Bandar,PK,2022-07-06 22:18:23,24.1447,67.4497,83.97,79,51,11.23
14,Okhotsk,RU,2022-07-06 22:18:23,59.3833,143.3,59.79,84,1,10.11
15,Cidreira,BR,2022-07-06 22:18:23,-30.1811,-50.2056,63.46,94,100,9.89
16,Yellowknife,CA,2022-07-06 22:15:51,62.456,-114.3525,75.56,31,16,11.99
17,Gazanjyk,TM,2022-07-06 22:18:24,39.2446,55.5154,72.57,31,0,5.19
18,Puerto Escondido,MX,2022-07-06 22:18:24,15.85,-97.0667,84.9,69,89,6.26
19,Jais,IN,2022-07-06 22:18:25,26.25,81.5333,90.46,54,99,13.69
20,Bredasdorp,ZA,2022-07-06 22:18:25,-34.5322,20.0403,47.62,86,55,3.47
21,Road Town,VG,2022-07-06 22:18:26,18.4167,-64.6167,81.25,80,26,18.63
22,Tuatapere,NZ,2022-07-06 22:18:26,-46.1333,167.6833,40.64,85,100,5.28
23,Denpasar,ID,2022-07-06 22:17:07,-8.65,115.2167,75.51,78,80,7.31
24,Iskateley,RU,2022-07-06 22:18:27,67.6803,53.1512,62.4,93,96,9.4
25,Hobart,AU,2022-07-06 22:16:05,-42.8794,147.3294,48.06,82,75,3.0
26,Morada Nova,BR,2022-07-06 22:18:27,-5.1067,-38.3725,77.65,65,6,5.97
27,Dikson,RU,2022-07-06 22:18:28,73.5069,80.5464,32.27,87,15,7.7
28,Bluff,NZ,2022-07-06 22:18:28,-46.6,168.3333,41.81,79,100,6.15
29,Sitka,US,2022-07-06 22:18:28,57.0531,-135.33,62.26,79,87,4.9
30,Lavrentiya,RU,2022-07-06 22:18:29,65.5833,-171.0,48.79,84,100,5.3
31,Sur,OM,2022-07-06 22:18:29,22.5667,59.5289,84.06,79,100,12.93
32,Basco,PH,2022-07-06 22:18:29,20.4487,121.9702,84.85,76,52,14.27
33,Arraial Do Cabo,BR,2022-07-06 22:18:30,-22.9661,-42.0278,72.12,78,0,27.09
34,Gobabis,NA,2022-07-06 22:18:30,-22.45,18.9667,55.56,35,0,9.69
35,Olafsvik,IS,2022-07-06 22:18:31,64.8945,-23.7142,52.25,96,100,18.59
36,Lashio,MM,2022-07-06 22:18:31,22.9333,97.75,69.57,99,100,1.07
37,Aksarka,RU,2022-07-06 22:18:32,66.5606,67.7975,54.63,89,81,4.41
38,Cape Town,ZA,2022-07-06 22:18:32,-33.9258,18.4232,58.37,75,65,5.01
39,Ribeira Grande,PT,2022-07-06 22:18:32,38.5167,-28.7,67.1,78,100,12.39
40,Kuybyshevskiy Zaton,RU,2022-07-06 22:18:33,55.1593,49.1701,63.61,79,40,5.66
41,Atuona,PF,2022-07-06 22:18:33,-9.8,-139.0333,77.29,81,30,21.18
42,Isangel,VU,2022-07-06 22:18:34,-19.55,169.2667,78.87,76,99,8.37
43,Los Llanos De Aridane,ES,2022-07-06 22:14:48,28.6585,-17.9182,65.12,90,14,14.88
44,Yerbogachen,RU,2022-07-06 22:18:34,61.2767,108.0108,57.51,71,8,3.74
45,Victor Harbor,AU,2022-07-06 22:18:35,-35.5667,138.6167,48.69,71,92,9.84
46,Maragogi,BR,2022-07-06 22:18:35,-9.0122,-35.2225,75.15,86,1,11.34
47,Punta Arenas,CL,2022-07-06 22:18:36,-53.15,-70.9167,32.11,78,16,11.12
48,Antsohihy,MG,2022-07-06 22:18:41,-14.8796,47.9875,67.17,68,6,9.42
49,Khatanga,RU,2022-07-06 22:18:41,71.9667,102.5,57.43,52,94,9.06
50,Jalu,LY,2022-07-06 22:18:42,29.0331,21.5482,82.44,49,0,11.3
51,Albany,US,2022-07-06 22:17:06,42.6001,-73.9662,80.17,59,37,1.01
52,Russell,US,2022-07-06 22:14:47,32.3502,-85.1999,92.37,47,67,2.33
53,Puerto Del Rosario,ES,2022-07-06 22:18:43,28.5004,-13.8627,68.05,86,4,15.75
54,Quthing,LS,2022-07-06 22:18:43,-30.4,27.7003,46.27,58,0,1.68
55,Hilo,US,2022-07-06 22:18:43,19.7297,-155.09,89.28,70,97,7.0
56,Pahrump,US,2022-07-06 22:18:17,36.2083,-115.9839,96.51,17,0,8.99
57,Port Alfred,ZA,2022-07-06 22:18:44,-33.5906,26.891,55.18,93,0,13.76
58,Jamestown,US,2022-07-06 22:15:41,42.097,-79.2353,75.06,72,78,7.0
59,Kovernino,RU,2022-07-06 22:18:45,57.1253,43.8142,62.29,89,76,2.86
60,Tokonou,GN,2022-07-06 22:18:45,9.65,-9.7833,69.69,95,87,4.99
61,Manicore,BR,2022-07-06 22:18:46,-5.8092,-61.3003,80.82,63,86,1.57
62,Airai,TL,2022-07-06 22:18:46,-8.9266,125.4092,50.94,87,72,2.46
63,Inawashiro,JP,2022-07-06 22:18:46,37.5667,140.1167,67.77,89,87,3.15
64,Saint-Paul,RE,2022-07-06 22:18:47,-21.0096,55.2707,68.36,77,66,4.54
65,Wanning,CN,2022-07-06 22:18:47,18.8003,110.3967,80.62,92,100,5.84
66,Pangody,RU,2022-07-06 22:18:48,65.85,74.4859,53.49,79,54,4.38
67,Batagay-Alyta,RU,2022-07-06 22:18:48,67.8006,130.4114,54.14,73,86,1.99
68,Urumqi,CN,2022-07-06 22:18:48,43.801,87.6005,64.89,48,0,2.48
69,Mo I Rana,NO,2022-07-06 22:18:49,66.3128,14.1428,50.32,93,100,1.88
70,Victoria,HK,2022-07-06 22:15:46,22.2855,114.1577,84.38,89,100,7.0
71,Grindavik,IS,2022-07-06 22:14:47,63.8424,-22.4338,52.05,96,100,29.68
72,Puerto Narino,CO,2022-07-06 22:18:49,-3.7703,-70.3831,77.77,92,33,1.12
73,Sarangani,PH,2022-07-06 22:18:50,5.4033,125.4636,83.03,77,95,11.41
74,Mar Del Plata,AR,2022-07-06 22:17:34,-38.0023,-57.5575,53.1,94,74,5.01
75,Kapoeta,SS,2022-07-06 22:18:50,4.7717,33.5903,76.5,62,96,4.7
76,Kargasok,RU,2022-07-06 22:18:51,59.0556,80.8572,53.71,73,83,6.8
77,New Norfolk,AU,2022-07-06 22:18:51,-42.7826,147.0587,47.71,84,88,1.01
78,Puerto Baquerizo Moreno,EC,2022-07-06 22:18:52,-0.9,-89.6,71.67,78,8,14.36
79,Sechura,PE,2022-07-06 22:18:52,-5.5569,-80.8222,71.69,60,5,16.44
80,La Rioja,ES,2022-07-06 22:18:52,42.25,-2.5,52.09,82,15,4.52
81,Tsiroanomandidy,MG,2022-07-06 22:18:53,-18.7667,46.0333,54.84,61,0,2.1
82,Nanortalik,GL,2022-07-06 22:18:53,60.1432,-45.2371,43.92,94,100,9.35
83,Bodaybo,RU,2022-07-06 22:18:54,57.8506,114.1933,55.67,99,100,3.67
84,Severo-Kurilsk,RU,2022-07-06 22:18:54,50.6789,156.125,53.82,72,100,10.27
85,Upernavik,GL,2022-07-06 22:18:54,72.7868,-56.1549,41.04,75,6,7.56
86,Barrow,US,2022-07-06 22:14:58,71.2906,-156.7887,50.23,80,100,5.48
87,Torbay,CA,2022-07-06 22:18:55,47.6666,-52.7314,65.75,78,100,10.6
88,Clyde River,CA,2022-07-06 22:18:56,70.4692,-68.5914,47.07,55,4,4.36
89,Cairns,AU,2022-07-06 22:18:56,-16.9167,145.7667,64.06,100,0,5.06
90,Shache,CN,2022-07-06 22:16:08,38.4167,77.2406,83.71,22,52,8.37
91,Saint-Philippe,RE,2022-07-06 22:18:57,-21.3585,55.7679,65.21,70,65,11.16
92,Busselton,AU,2022-07-06 22:18:57,-33.65,115.3333,47.55,87,56,9.86
93,Vaini,TO,2022-07-06 22:18:57,-21.2,-175.2,73.24,69,71,17.81
94,Ugoofaaru,MV,2022-07-06 22:19:03,5.6667,73.0,82.04,79,100,15.48
95,Haines Junction,CA,2022-07-06 22:19:03,60.7522,-137.5108,80.35,31,18,7.92
96,Wagar,SD,2022-07-06 22:19:04,16.1525,36.2032,86.23,39,100,9.04
97,Bethel,US,2022-07-06 22:19:03,41.3712,-73.414,82.69,66,84,8.14
98,Beringovskiy,RU,2022-07-06 22:19:04,63.05,179.3167,48.18,81,89,3.36
99,Oranjemund,NA,2022-07-06 22:18:10,-28.55,16.4333,52.7,80,0,5.64
100,Moussoro,TD,2022-07-06 22:19:05,13.6408,16.4901,88.45,44,3,9.95
101,Xiaoweizhai,CN,2022-07-06 22:19:06,26.1903,107.5125,70.61,92,36,0.6
102,Batagay,RU,2022-07-06 22:19:06,67.6333,134.6333,49.66,91,100,1.59
103,Ahipara,NZ,2022-07-06 22:19:06,-35.1667,173.1667,58.1,94,100,10.96
104,Butaritari,KI,2022-07-06 22:15:19,3.0707,172.7902,81.81,78,100,21.36
105,Constitucion,CL,2022-07-06 22:19:07,-35.3333,-72.4167,48.76,75,38,4.65
106,Port Augusta,AU,2022-07-06 22:19:07,-32.5,137.7667,50.05,81,99,3.06
107,Trelew,AR,2022-07-06 22:19:08,-43.249,-65.3051,47.82,42,38,12.97
108,Salisbury,GB,2022-07-06 22:17:18,51.0693,-1.7957,62.53,83,54,8.28
109,Mataura,NZ,2022-07-06 22:19:08,-46.1927,168.8643,41.49,81,100,1.5
110,Georgetown,MY,2022-07-06 22:17:57,5.4112,100.3354,81.9,82,84,1.97
111,Qaanaaq,GL,2022-07-06 22:19:09,77.484,-69.3632,40.1,96,100,0.87
112,La Ciotat,FR,2022-07-06 22:19:09,43.1748,5.6045,77.81,68,11,12.24
113,Chapais,CA,2022-07-06 22:17:40,49.7834,-74.8492,64.6,35,65,11.25
114,Aklavik,CA,2022-07-06 22:19:10,68.2191,-135.0107,86.41,31,27,8.16
115,Asau,RO,2022-07-06 22:19:11,46.4333,26.4,60.75,99,100,3.18
116,Bambous Virieux,MU,2022-07-06 22:19:11,-20.3428,57.7575,68.22,60,82,17.02
117,Salamiyah,SY,2022-07-06 22:19:11,35.0113,37.0532,72.88,55,0,13.06
118,Angoram,PG,2022-07-06 22:19:12,-4.0625,144.0661,75.61,97,85,2.19
119,Caravelas,BR,2022-07-06 22:19:12,-17.7125,-39.2481,70.12,82,1,3.87
120,Rovaniemi,FI,2022-07-06 22:19:13,66.5,25.7167,49.32,82,26,5.61
121,Lubao,PH,2022-07-06 22:19:13,14.9167,120.55,78.42,90,99,3.27
122,Tiksi,RU,2022-07-06 22:19:13,71.6872,128.8694,37.76,83,88,2.77
123,Esperance,AU,2022-07-06 22:19:14,-33.8667,121.9,53.85,91,89,11.48
124,Port Hedland,AU,2022-07-06 22:15:19,-20.3167,118.5667,61.02,31,14,16.75
125,Provideniya,RU,2022-07-06 22:19:14,64.3833,-173.3,49.23,87,100,3.0
126,Prainha,BR,2022-07-06 22:19:15,-1.8,-53.48,80.04,74,96,3.47
127,Avarua,CK,2022-07-06 22:19:15,-21.2078,-159.775,71.38,64,62,13.76
128,Half Moon Bay,US,2022-07-06 22:19:16,37.4636,-122.4286,81.88,65,40,9.89
129,Carnarvon,AU,2022-07-06 22:19:16,-24.8667,113.6333,61.74,29,0,11.45
130,Trairi,BR,2022-07-06 22:16:08,-3.2778,-39.2689,78.37,77,92,11.23
131,Nome,US,2022-07-06 22:19:17,64.5011,-165.4064,60.17,72,100,8.46
132,Zunyi,CN,2022-07-06 22:19:17,27.6867,106.9072,71.22,86,36,2.28
133,Samarai,PG,2022-07-06 22:19:18,-10.6167,150.6667,81.84,79,28,11.48
134,Saskylakh,RU,2022-07-06 22:19:18,71.9167,114.0833,56.97,50,100,6.2
135,Salinopolis,BR,2022-07-06 22:19:19,-0.6136,-47.3561,78.49,81,12,9.04
136,Kruisfontein,ZA,2022-07-06 22:19:19,-34.0033,24.7314,54.5,64,0,6.49
137,Vestmannaeyjar,IS,2022-07-06 22:19:19,63.4427,-20.2734,52.12,97,100,22.01
138,Nouakchott,MR,2022-07-06 22:19:20,18.0858,-15.9785,75.07,81,13,15.21
139,Husavik,IS,2022-07-06 22:19:20,66.0449,-17.3389,55.81,61,77,6.96
140,Najran,SA,2022-07-06 22:19:21,17.4924,44.1277,82.67,26,99,5.46
141,Touros,BR,2022-07-06 22:19:00,-5.1989,-35.4608,74.8,90,26,11.83
142,Nelson Bay,AU,2022-07-06 22:19:26,-32.7167,152.15,59.11,99,100,13.0
143,Hamilton,US,2022-07-06 22:19:27,39.1834,-84.5333,76.77,72,100,6.62
144,Biak,ID,2022-07-06 22:19:27,-0.9131,122.8766,75.13,86,99,3.98
145,Hermanus,ZA,2022-07-06 22:19:28,-34.4187,19.2345,53.53,77,76,8.41
146,Zhanaozen,KZ,2022-07-06 22:19:28,43.3,52.8,67.41,44,0,8.81
147,Kahului,US,2022-07-06 22:19:28,20.8947,-156.47,83.97,74,95,14.0
148,Nikolskoye,RU,2022-07-06 22:19:29,59.7035,30.7861,62.8,78,100,3.24
149,Yar-Sale,RU,2022-07-06 22:19:29,66.8333,70.8333,56.62,71,98,2.57
150,East London,ZA,2022-07-06 22:17:14,-33.0153,27.9116,61.21,82,3,10.09
151,Canyon,US,2022-07-06 22:17:04,34.9803,-101.9188,89.04,49,77,15.99
152,Kapaa,US,2022-07-06 22:19:30,22.0752,-159.319,80.11,74,100,3.0
153,Pangnirtung,CA,2022-07-06 22:19:30,66.1451,-65.7125,48.29,69,41,4.94
154,Miranda,CO,2022-07-06 22:19:31,3.2499,-76.2281,78.44,69,35,1.54
155,Romitan,UZ,2022-07-06 22:19:31,39.9343,64.3814,74.95,25,0,8.16
156,Ryotsu,JP,2022-07-06 22:19:31,38.0833,138.4333,77.34,83,0,2.93
157,Itarema,BR,2022-07-06 22:19:32,-2.9248,-39.9167,78.85,78,91,14.27
158,Sindou,BF,2022-07-06 22:19:32,10.6667,-5.1667,77.09,79,94,2.42
159,Yumen,CN,2022-07-06 22:19:33,40.2833,97.2,65.17,32,10,6.6
160,Byron Bay,AU,2022-07-06 22:19:33,-28.65,153.6167,60.94,82,7,9.42
161,Dingle,PH,2022-07-06 22:19:34,10.9995,122.6711,75.43,93,92,1.97
162,Jumla,NP,2022-07-06 22:19:34,29.2747,82.1838,63.97,89,82,0.78
163,Macau,MO,2022-07-06 22:19:34,22.2006,113.5461,80.85,85,96,8.08
164,Pyaozerskiy,RU,2022-07-06 22:19:35,65.8333,31.1667,57.31,64,67,7.36
165,Pundaguitan,PH,2022-07-06 22:19:35,6.3711,126.1689,82.24,76,100,6.58
166,Thompson,CA,2022-07-06 22:15:11,55.7435,-97.8558,78.96,21,99,2.24
167,Bardiyah,LY,2022-07-06 22:19:36,31.7561,25.0865,77.58,70,0,11.56
168,Chokurdakh,RU,2022-07-06 22:19:36,70.6333,147.9167,57.09,43,99,8.25
169,Port Elizabeth,ZA,2022-07-06 22:15:37,-33.918,25.5701,58.46,76,0,8.21
170,Oda,JP,2022-07-06 22:19:37,35.1833,132.5,76.26,84,100,2.01
171,Lompoc,US,2022-07-06 22:19:37,34.6391,-120.4579,83.7,68,2,15.01
172,Udachnyy,RU,2022-07-06 22:19:38,66.4167,112.4,56.57,73,1,12.57
173,Baijiantan,CN,2022-07-06 22:19:38,45.6333,85.1833,75.18,34,0,5.21
174,Faanui,PF,2022-07-06 22:19:38,-16.4833,-151.75,79.43,65,4,9.06
175,Honiara,SB,2022-07-06 22:19:39,-9.4333,159.95,80.55,74,38,5.99
176,Billings,US,2022-07-06 22:17:57,45.7833,-108.5007,91.29,49,0,3.0
177,Pevek,RU,2022-07-06 22:19:39,69.7008,170.3133,33.35,90,98,9.78
178,Kavieng,PG,2022-07-06 22:19:40,-2.5744,150.7967,82.18,77,40,11.45
179,Tuktoyaktuk,CA,2022-07-06 22:19:40,69.4541,-133.0374,52.45,72,10,10.22
180,Nioro,GM,2022-07-06 22:19:41,13.35,-15.75,81.73,73,39,11.74
181,Kirakira,SB,2022-07-06 22:19:41,-10.4544,161.9205,82.54,75,86,10.98
182,Talnakh,RU,2022-07-06 22:19:41,69.4865,88.3972,49.55,94,100,11.1
183,Imeni Poliny Osipenko,RU,2022-07-06 22:19:42,52.4201,136.4853,77.0,79,2,11.03
184,Kuantan,MY,2022-07-06 22:19:42,3.8077,103.326,76.62,88,94,3.44
185,Osijek,HR,2022-07-06 22:19:43,45.5511,18.6939,68.22,47,5,8.9
186,Belmonte,BR,2022-07-06 22:19:43,-15.8631,-38.8828,72.12,82,2,7.63
187,Tromso,NO,2022-07-06 22:19:43,69.6496,18.957,50.38,85,100,1.99
188,Saint-Pierre,RE,2022-07-06 22:19:44,-21.3393,55.4781,67.91,69,38,10.58
189,Eydhafushi,MV,2022-07-06 22:19:44,5.1033,73.0708,82.24,79,100,15.01
190,Mosquera,CO,2022-07-06 22:19:45,4.7059,-74.2302,58.51,79,40,4.32
191,Pucallpa,PE,2022-07-06 22:19:50,-8.3791,-74.5539,85.8,57,61,3.44
192,Hun,LY,2022-07-06 22:19:50,29.1268,15.9477,85.24,29,0,8.57
193,Dhidhdhoo,MV,2022-07-06 22:19:51,6.8833,73.1,81.86,81,100,17.56
194,Castro,BR,2022-07-06 22:19:51,-24.7911,-50.0119,55.89,72,100,3.76
195,Kawerau,NZ,2022-07-06 22:19:52,-38.1,176.7,56.37,69,100,1.28
196,Padang,ID,2022-07-06 22:19:52,-0.9492,100.3543,78.3,77,98,4.03
197,Apex,US,2022-07-06 22:19:53,35.7327,-78.8503,98.47,52,97,3.0
198,Puerto Ayora,EC,2022-07-06 22:19:53,-0.7393,-90.3518,73.54,85,48,5.01
199,Yuryevets,RU,2022-07-06 22:19:53,57.3201,43.1041,63.09,89,92,1.52
200,Roald,NO,2022-07-06 22:19:54,62.5833,6.1333,53.76,77,100,7.78
201,Bilibino,RU,2022-07-06 22:19:54,68.0546,166.4372,46.36,85,100,3.85
202,Bengkulu,ID,2022-07-06 22:19:54,-3.8004,102.2655,78.19,82,99,3.71
203,Liverpool,GB,2022-07-06 22:18:15,53.4106,-2.9779,63.43,87,100,8.01
204,Kijang,KR,2022-07-06 22:17:56,35.2442,129.2139,79.16,88,96,4.27
205,Kortkeros,RU,2022-07-06 22:19:55,61.8106,51.5806,63.27,91,35,4.07
206,Macara,EC,2022-07-06 22:19:56,-4.3833,-79.95,83.44,45,30,5.75
207,Roma,US,2022-07-06 22:19:56,43.2128,-75.4557,77.68,58,84,7.0
208,Sarapulka,RU,2022-07-06 22:19:57,56.8678,61.0552,53.55,79,96,4.52
209,Manokwari,ID,2022-07-06 22:19:57,-0.8667,134.0833,77.27,86,99,3.6
210,Codrington,AU,2022-07-06 22:18:55,-38.2667,141.9667,49.33,72,13,12.33
211,San Mateo Del Mar,MX,2022-07-06 22:19:58,16.2,-95.0,87.08,66,94,21.85
212,Cabedelo,BR,2022-07-06 22:19:58,-6.9811,-34.8339,75.51,87,11,12.8
213,Mitsamiouli,KM,2022-07-06 22:19:58,-11.3847,43.2844,75.07,71,0,5.57
214,Price,US,2022-07-06 22:19:59,39.5994,-110.8107,86.11,34,50,3.8
215,Kudat,MY,2022-07-06 22:19:59,6.8837,116.8477,78.91,80,99,1.23
216,Dauphin,CA,2022-07-06 22:20:00,51.1494,-100.0502,71.76,76,59,7.56
217,Saint George,US,2022-07-06 22:20:00,37.1041,-113.5841,101.62,13,2,8.99
218,Vao,NC,2022-07-06 22:20:00,-22.6667,167.4833,76.8,70,100,14.88
219,Hede,CN,2022-07-06 22:20:01,33.7681,120.2517,77.31,88,2,10.04
220,Lagoa,PT,2022-07-06 22:20:01,39.05,-27.9833,64.96,81,100,15.28
221,Sabang,ID,2022-07-06 22:20:02,5.8933,95.3214,82.26,76,78,8.25
222,Narsaq,GL,2022-07-06 22:20:03,60.9167,-46.05,45.45,93,100,5.48
223,Sola,VU,2022-07-06 22:20:03,-13.8833,167.55,81.21,73,87,18.5
224,Crisan,RO,2022-07-06 22:20:04,44.9667,29.4667,69.62,71,0,6.33
225,Marsh Harbour,BS,2022-07-06 22:20:04,26.5412,-77.0636,82.8,71,71,11.81
226,Hervey Bay,AU,2022-07-06 22:20:04,-25.2986,152.8535,57.02,82,0,14.0
227,Reconquista,AR,2022-07-06 22:20:05,-29.15,-59.65,67.32,80,90,3.33
228,Bandarbeyla,SO,2022-07-06 22:20:06,9.4942,50.8122,76.08,82,14,37.49
229,Show Low,US,2022-07-06 22:20:06,34.2542,-110.0298,84.65,19,4,3.0
230,Rio Grande,BR,2022-07-06 22:17:55,-32.035,-52.0986,58.95,98,84,7.78
231,Fairbanks,US,2022-07-06 22:20:03,64.8378,-147.7164,83.61,45,1,3.76
232,Villeneuve-Sur-Lot,FR,2022-07-06 22:20:07,44.5,0.6667,66.72,72,5,7.92
233,Yaan,NG,2022-07-06 22:20:07,7.3833,8.5667,75.69,83,100,4.92
234,Ponta Do Sol,PT,2022-07-06 22:20:08,32.6667,-17.1,71.01,65,10,4.0
235,Cayenne,GF,2022-07-06 22:16:22,4.9333,-52.3333,81.09,1,36,4.0
236,Meulaboh,ID,2022-07-06 22:20:08,4.1363,96.1285,76.93,87,99,4.81
237,Yangjiang,CN,2022-07-06 22:20:14,21.85,111.9667,79.0,89,99,2.21
238,Hami,CN,2022-07-06 22:20:14,42.8,93.45,74.32,29,13,19.66
239,Utete,TZ,2022-07-06 22:20:15,-7.986,38.758,69.15,91,23,3.24
240,Beloha,MG,2022-07-06 22:20:16,-25.1667,45.05,64.53,81,0,4.61
241,Rio Gallegos,AR,2022-07-06 22:20:16,-51.6226,-69.2181,30.61,83,62,9.15
242,Kodiak,US,2022-07-06 22:20:16,57.79,-152.4072,53.4,94,100,6.82
243,Ust-Nera,RU,2022-07-06 22:20:17,64.5667,143.2,78.55,61,96,7.96
244,Port Lincoln,AU,2022-07-06 22:20:17,-34.7333,135.8667,54.93,63,79,10.63
245,Jaffna,LK,2022-07-06 22:20:18,9.6685,80.0074,83.37,75,100,4.16
246,Pangai,TO,2022-07-06 22:20:18,-19.8,-174.35,75.15,66,79,20.36
247,Doha,QA,2022-07-06 22:20:19,25.2867,51.5333,90.84,60,78,2.06
248,Rockhampton,AU,2022-07-06 22:20:19,-23.3833,150.5,52.92,75,0,3.04
249,Abapo,BO,2022-07-06 22:20:20,-18.8333,-63.4667,79.3,39,13,7.96
250,Kerema,PG,2022-07-06 22:20:20,-7.9631,145.7785,79.03,82,99,2.39
251,Yenagoa,NG,2022-07-06 22:20:21,4.9247,6.2642,75.0,95,100,3.94
252,Cabo San Lucas,MX,2022-07-06 22:20:21,22.8909,-109.9124,95.18,56,2,11.65
253,Inhambane,MZ,2022-07-06 22:19:42,-23.865,35.3833,64.69,73,0,2.37
254,Sangre Grande,TT,2022-07-06 22:20:22,10.5835,-61.1177,85.05,84,65,9.82
255,Cururupu,BR,2022-07-06 22:20:22,-1.8283,-44.8683,74.14,90,19,2.59
256,Henties Bay,NA,2022-07-06 22:20:23,-22.116,14.2845,56.71,78,0,4.99
257,Praia Da Vitoria,PT,2022-07-06 22:20:24,38.7333,-27.0667,66.76,78,97,9.24
258,Poum,NC,2022-07-06 22:20:24,-20.2333,164.0167,77.5,85,61,20.4
259,Punta De Bombon,PE,2022-07-06 22:20:24,-17.1717,-71.7931,61.39,81,15,7.0
260,Leninskoye,KZ,2022-07-06 22:20:25,41.7589,69.3864,69.66,27,8,3.65
261,Kokopo,PG,2022-07-06 22:16:03,-4.352,152.2633,80.29,78,99,6.85
262,Murgab,TM,2022-07-06 22:20:25,37.4966,61.9714,75.52,22,0,10.89
263,Lebu,CL,2022-07-06 22:18:53,-37.6167,-73.65,47.91,73,17,7.2
264,Ust-Koksa,RU,2022-07-06 22:20:26,50.2696,85.6108,49.23,89,28,1.83
265,Lacey,US,2022-07-06 22:15:28,47.0343,-122.8232,74.77,68,89,8.01
266,Nemuro,JP,2022-07-06 22:20:27,43.3236,145.575,54.59,93,90,7.2
267,Saint-Augustin,CA,2022-07-06 22:20:27,51.226,-58.6502,59.36,59,100,1.28
268,Caceres,ES,2022-07-06 22:20:28,39.522,-6.3748,80.71,31,0,7.9
269,Seoul,KR,2022-07-06 22:20:28,37.5683,126.9778,79.21,86,100,4.5
270,Tarabha,IN,2022-07-06 22:20:29,20.7333,83.65,80.38,84,99,3.58
271,Barinitas,VE,2022-07-06 22:20:29,8.7622,-70.4111,76.23,86,89,1.57
272,Mahebourg,MU,2022-07-06 22:17:41,-20.4081,57.7,68.25,62,71,16.62
273,Udgir,IN,2022-07-06 22:20:29,18.3833,77.1167,72.82,87,100,14.65
274,Charters Towers,AU,2022-07-06 22:20:30,-20.1,146.2667,53.15,74,0,6.35
275,Ilhabela,BR,2022-07-06 22:20:31,-23.7781,-45.3581,68.43,68,50,3.96
276,Kyren,RU,2022-07-06 22:20:31,51.6828,102.1408,56.98,92,100,2.19
277,Bundaberg,AU,2022-07-06 22:20:31,-24.85,152.35,59.22,74,0,3.0
278,Fort Nelson,CA,2022-07-06 22:20:37,58.8053,-122.7002,80.06,30,74,10.58
279,Lebork,PL,2022-07-06 22:20:37,54.5392,17.7501,58.91,87,14,8.12
280,Winslow,US,2022-07-06 22:20:37,35.0242,-110.6974,89.78,15,3,8.77
281,Porto Novo,BJ,2022-07-06 22:20:38,6.4965,2.6036,76.17,90,98,5.7
282,Anahuac,MX,2022-07-06 22:20:38,27.2333,-100.15,102.29,20,99,16.98
283,Coxim,BR,2022-07-06 22:20:39,-18.5067,-54.76,75.22,31,97,4.36
284,Coihaique,CL,2022-07-06 22:20:25,-45.5752,-72.0662,31.39,98,75,7.23
285,Hetauda,NP,2022-07-06 22:20:39,27.4284,85.0322,77.65,90,64,4.36
286,Saint-Francois,FR,2022-07-06 22:20:40,46.4154,3.9054,57.67,70,1,1.32
287,Roxana,CR,2022-07-06 22:20:40,10.2753,-83.7513,81.03,93,86,2.35
288,Smithers,CA,2022-07-06 22:16:08,54.7804,-127.1743,63.19,82,100,3.22
289,Gangapur,IN,2022-07-06 22:20:41,26.4833,76.7167,90.99,54,86,0.58
290,Katsuura,JP,2022-07-06 22:20:41,35.1333,140.3,74.08,87,86,14.54
291,Hambantota,LK,2022-07-06 22:20:42,6.1241,81.1185,80.35,76,100,15.82
292,Madhugiri,IN,2022-07-06 22:20:42,13.6606,77.2092,69.44,92,100,11.77
293,Port Blair,IN,2022-07-06 22:20:43,11.6667,92.75,82.09,79,100,10.45
294,San Joaquin,US,2022-07-06 22:20:43,37.9333,-121.3011,83.53,47,0,9.82
295,Chifeng,CN,2022-07-06 22:20:43,42.2683,118.9636,68.13,82,0,1.88
296,Huayucachi,PE,2022-07-06 22:20:44,-12.1333,-75.2333,59.4,47,61,6.82
297,Baie-Comeau,CA,2022-07-06 22:20:31,49.2168,-68.1489,64.33,48,74,3.53
298,Garowe,SO,2022-07-06 22:20:45,8.4054,48.4845,77.32,56,25,31.36
299,Eureka,US,2022-07-06 22:18:08,40.8021,-124.1637,69.67,83,93,5.99
300,Kulhudhuffushi,MV,2022-07-06 22:20:45,6.6221,73.07,82.11,80,100,17.2
301,Guerrero Negro,MX,2022-07-06 22:16:09,27.9769,-114.0611,74.53,61,5,16.8
302,Waimana,NZ,2022-07-06 22:20:46,-38.15,177.0833,47.05,68,100,0.67
303,Bowen,AU,2022-07-06 22:20:15,-20.0167,148.2333,57.18,72,0,8.75
304,Kilindoni,TZ,2022-07-06 22:20:46,-7.9139,39.6668,76.71,77,9,18.07
305,Yeppoon,AU,2022-07-06 22:20:47,-23.1333,150.7333,54.09,74,0,6.55
306,Seidu,SL,2022-07-06 22:20:47,9.0167,-10.6,68.7,98,59,3.29
307,Derzhavinsk,KZ,2022-07-06 22:20:48,51.1,66.3167,58.06,76,100,10.67
308,San Patricio,US,2022-07-06 22:20:48,28.017,-97.5169,95.54,47,64,16.2
309,Gimli,CA,2022-07-06 22:20:49,50.6336,-96.9907,72.86,80,65,8.93
310,Ojinaga,MX,2022-07-06 22:20:49,29.5667,-104.4167,95.58,29,87,3.42
311,Abonnema,NG,2022-07-06 22:20:50,4.7084,6.7931,75.7,92,98,5.3
312,Abu Kamal,SY,2022-07-06 22:20:50,34.4506,40.9171,90.0,19,0,13.91
313,Mount Gambier,AU,2022-07-06 22:20:50,-37.8333,140.7667,51.93,58,100,9.55
314,Saint-Georges,GD,2022-07-06 22:20:51,12.0564,-61.7485,80.22,80,83,15.3
315,Grandview,US,2022-07-06 22:20:51,38.8858,-94.533,96.67,61,62,1.99
316,Sirohi,IN,2022-07-06 22:20:52,24.8833,72.8667,83.86,69,25,5.77
317,San Lawrenz,MT,2022-07-06 22:20:52,36.0553,14.204,84.85,73,0,1.01
318,Richards Bay,ZA,2022-07-06 22:20:52,-28.783,32.0377,62.83,89,41,4.63
319,Osmaniye,TR,2022-07-06 22:20:53,37.0742,36.2478,73.2,86,1,1.77
320,Aquiraz,BR,2022-07-06 22:20:53,-3.9014,-38.3911,80.19,85,32,10.94
321,Hattiesburg,US,2022-07-06 22:18:53,31.3271,-89.2903,91.26,73,96,3.47
322,Gidam,IN,2022-07-06 22:20:59,18.9833,81.4,73.99,97,100,2.21
323,Balkanabat,TM,2022-07-06 22:20:59,39.5108,54.3671,75.79,32,0,4.92
324,Camana,PE,2022-07-06 22:21:00,-16.6228,-72.7111,62.89,79,21,8.55
325,Sao Filipe,CV,2022-07-06 22:21:00,14.8961,-24.4956,75.74,84,94,9.95
326,Korla,CN,2022-07-06 22:21:01,41.7597,86.1469,78.31,13,35,12.41
327,Luderitz,NA,2022-07-06 22:21:01,-26.6481,15.1594,54.23,82,0,11.18
328,Kawalu,ID,2022-07-06 22:21:01,-7.3817,108.2082,70.86,97,83,1.45
329,Bhadravati,IN,2022-07-06 22:21:02,13.8667,75.7167,70.3,96,100,9.19
330,Marathon,US,2022-07-06 22:21:02,44.9,-89.7668,74.44,75,93,3.89
331,Seminole,US,2022-07-06 22:16:23,28.7086,-81.2081,84.06,77,90,6.17
332,Borba,BR,2022-07-06 22:21:03,-4.3878,-59.5939,78.44,72,100,3.06
333,Thinadhoo,MV,2022-07-06 22:21:03,0.5333,72.9333,82.53,77,100,8.21
334,Kokkola,FI,2022-07-06 22:21:04,63.8385,23.1307,59.94,90,8,9.35
335,Le Vauclin,MQ,2022-07-06 22:21:04,14.5452,-60.8388,81.84,78,100,16.24
336,Tekeli,KZ,2022-07-06 22:21:04,44.83,78.8239,58.42,27,1,9.26
337,Riohacha,CO,2022-07-06 22:20:54,11.5444,-72.9072,87.06,63,100,11.54
338,Vila Franca Do Campo,PT,2022-07-06 22:21:05,37.7167,-25.4333,69.19,82,98,7.72
339,Inta,RU,2022-07-06 22:21:05,66.0317,60.1659,61.07,52,2,7.67
340,Solomenskoye,RU,2022-07-06 22:21:06,44.2167,44.3528,63.09,71,0,7.76
341,Fortuna,US,2022-07-06 22:21:06,40.5982,-124.1573,65.93,78,92,4.0
342,Geraldton,AU,2022-07-06 22:21:07,-28.7667,114.6,60.06,79,0,4.76
343,Praia,CV,2022-07-06 22:21:07,14.9215,-23.5087,76.39,83,72,11.92
344,Cugir,RO,2022-07-06 22:21:07,45.8333,23.3667,62.89,96,93,1.7
345,Iracoubo,GF,2022-07-06 22:21:08,5.4802,-53.2011,77.11,84,85,6.85
346,Gizo,SB,2022-07-06 22:21:08,-8.103,156.8419,83.59,73,93,11.97
347,Luganville,VU,2022-07-06 22:21:09,-15.5333,167.1667,80.37,84,80,10.0
348,Shaowu,CN,2022-07-06 22:21:09,27.3409,117.4831,75.04,97,77,2.57
349,Ilulissat,GL,2022-07-06 22:21:10,69.2167,-51.1,40.64,81,100,3.04
350,Gerede,TR,2022-07-06 22:21:10,40.8008,32.1969,54.95,87,0,2.15
351,Mountain Home,US,2022-07-06 22:18:27,43.133,-115.6912,90.55,20,3,8.9
352,Yabelo,ET,2022-07-06 22:21:11,4.8833,38.0833,62.69,62,98,9.17
353,Safford,US,2022-07-06 22:21:11,32.834,-109.7076,96.12,19,0,5.79
354,Xining,CN,2022-07-06 22:21:12,36.6167,101.7667,58.64,50,6,3.4
355,Rawson,AR,2022-07-06 22:21:12,-43.3002,-65.1023,47.89,47,39,11.21
356,Taksimo,RU,2022-07-06 22:21:12,56.3444,114.8794,56.71,94,100,3.8
357,Wattegama,LK,2022-07-06 22:21:13,6.7989,81.4808,77.81,74,100,1.83
358,San Cristobal,VE,2022-07-06 22:21:13,7.7669,-72.225,76.46,65,18,4.74
359,Khasan,RU,2022-07-06 22:21:14,42.4308,130.6434,63.59,100,100,5.06
360,Ostrovnoy,RU,2022-07-06 22:21:10,68.0531,39.5131,59.05,70,99,5.73
361,Turukhansk,RU,2022-07-06 22:20:23,65.8167,87.9833,52.99,85,51,2.3
362,Kieta,PG,2022-07-06 22:21:15,-6.2167,155.6333,82.27,73,89,6.08
363,Launceston,AU,2022-07-06 22:20:25,-41.45,147.1667,44.62,94,63,1.99
364,Zhanakorgan,KZ,2022-07-06 22:21:15,43.9098,67.2495,69.1,52,0,12.17
365,Sambava,MG,2022-07-06 22:21:16,-14.2667,50.1667,70.18,79,41,12.57
366,Broken Hill,AU,2022-07-06 22:21:16,-31.95,141.4333,39.74,91,0,9.13
367,Progreso,MX,2022-07-06 22:21:16,21.2833,-89.6667,82.81,73,71,14.29
368,Tiarei,PF,2022-07-06 22:21:17,-17.5333,-149.3333,82.0,77,13,6.96
369,Cape Canaveral,US,2022-07-06 22:21:22,28.4058,-80.6048,87.08,75,27,11.65
370,Sanawad,IN,2022-07-06 22:21:23,22.1833,76.0667,78.8,89,100,4.76
371,Hithadhoo,MV,2022-07-06 22:21:23,-0.6,73.0833,81.88,77,100,9.42
372,Portel,BR,2022-07-06 22:18:11,-1.9356,-50.8211,80.65,69,96,2.57
373,Bria,CF,2022-07-06 22:21:24,6.5423,21.9863,68.88,95,22,2.53
374,Katete,UG,2022-07-06 22:21:24,-0.7818,29.7544,62.6,60,24,3.67
375,Komsomolskiy,UZ,2022-07-06 22:21:24,40.4272,71.7189,81.18,24,0,13.53
376,Jacareacanga,BR,2022-07-06 22:21:25,-6.2222,-57.7528,80.02,61,88,1.52
377,Qasigiannguit,GL,2022-07-06 22:21:25,68.8193,-51.1922,39.58,84,100,2.95
378,Kangaatsiaq,GL,2022-07-06 22:21:26,68.3065,-53.4641,41.43,89,100,6.2
379,Dinar,TR,2022-07-06 22:21:26,38.065,30.1656,69.64,41,0,1.21
380,Talara,PE,2022-07-06 22:21:26,-4.5772,-81.2719,65.17,81,13,18.57
381,Kattivakkam,IN,2022-07-06 22:21:27,13.2167,80.3167,82.08,84,100,14.29
382,Garmsar,IR,2022-07-06 22:21:27,35.2182,52.3409,79.2,35,0,7.34
383,Omboue,GA,2022-07-06 22:21:28,-1.5746,9.2618,70.92,90,51,6.51
384,Priladozhskiy,RU,2022-07-06 22:21:28,59.85,31.4833,59.54,1,100,4.59
385,Taoudenni,ML,2022-07-06 22:21:28,22.6783,-3.9836,103.24,7,14,8.39
386,Antalaha,MG,2022-07-06 22:17:13,-14.9003,50.2788,68.2,85,41,8.61
387,Walvis Bay,NA,2022-07-06 22:21:29,-22.9575,14.5053,55.09,49,0,5.77
388,Erzin,TR,2022-07-06 22:21:29,36.9559,36.2,73.29,85,1,0.43
389,Monster,NL,2022-07-06 22:21:30,52.0258,4.175,66.97,72,100,5.99
390,Rognan,NO,2022-07-06 22:21:30,67.0953,15.3878,51.06,81,80,3.36
391,Klaksvik,FO,2022-07-06 22:19:03,62.2266,-6.589,48.33,86,85,15.88
392,Matagami,CA,2022-07-06 22:19:02,49.7502,-77.6328,66.51,36,60,9.1
393,Loubomo,CG,2022-07-06 22:21:31,-4.1997,12.6739,66.06,88,32,4.63
394,Norman Wells,CA,2022-07-06 22:21:31,65.282,-126.8329,88.63,22,3,5.82
395,Tezu,IN,2022-07-06 22:21:32,27.9167,96.1667,77.5,94,9,2.73
396,Visnes,NO,2022-07-06 22:21:32,59.3556,5.2242,56.21,93,100,17.4
397,Bilma,NE,2022-07-06 22:21:33,18.6853,12.9164,91.11,12,0,12.97
398,Necochea,AR,2022-07-06 22:17:12,-38.5473,-58.7368,50.52,77,100,5.3
399,Bakaly,RU,2022-07-06 22:21:33,55.1789,53.8028,60.1,91,57,5.44
400,Aswan,EG,2022-07-06 22:21:34,24.0934,32.907,91.98,18,11,8.68
401,Nokaneng,BW,2022-07-06 22:21:34,-19.6667,22.2667,61.99,37,3,7.85
402,Umkomaas,ZA,2022-07-06 22:21:35,-30.2067,30.7978,62.67,82,2,4.03
403,Huadian,CN,2022-07-06 22:21:35,42.9633,126.7478,70.92,99,100,4.25
404,Pochutla,MX,2022-07-06 22:21:36,15.7432,-96.4661,85.82,71,80,3.91
405,Florianopolis,BR,2022-07-06 22:21:36,-27.6146,-48.5012,69.4,90,100,5.99
406,Jutai,BR,2022-07-06 22:21:36,-5.1833,-68.9,77.18,89,62,0.13
407,Porto Empedocle,IT,2022-07-06 22:20:29,37.2934,13.5264,78.31,49,1,4.92
408,Namioka,JP,2022-07-06 22:21:37,40.7072,140.5894,71.91,83,27,4.74
409,Iqaluit,CA,2022-07-06 22:21:37,63.7506,-68.5145,40.69,93,100,5.99
410,Villa Constitucion,AR,2022-07-06 22:18:03,-33.2278,-60.3297,61.99,80,62,2.39
411,Wanaka,NZ,2022-07-06 22:21:38,-44.7,169.15,32.11,90,100,1.99
412,Pacific Grove,US,2022-07-06 22:21:39,36.6177,-121.9166,77.38,77,5,8.01
413,Lebanon,US,2022-07-06 22:21:39,36.2081,-86.2911,88.11,80,90,5.01
414,Chuy,UY,2022-07-06 22:21:40,-33.6971,-53.4616,59.49,98,100,12.57
415,Fort Frances,CA,2022-07-06 22:21:45,48.5999,-93.4003,76.05,54,69,1.01
416,Buala,SB,2022-07-06 22:21:45,-8.145,159.5921,82.08,77,38,9.93
417,Obera,AR,2022-07-06 22:21:46,-27.4871,-55.1199,68.95,50,100,7.23
418,Agadez,NE,2022-07-06 22:21:46,19.75,10.25,89.26,12,1,7.85
419,Ust-Kuyga,RU,2022-07-06 22:21:47,70.0167,135.6,57.4,52,69,0.56
420,Sokolo,ML,2022-07-06 22:21:47,14.7328,-6.1219,89.8,42,23,12.46
421,Mezen,RU,2022-07-06 22:21:48,65.8522,44.24,60.55,75,77,4.5
422,Tazovskiy,RU,2022-07-06 22:21:48,67.4667,78.7,48.22,83,2,4.97
423,Camacha,PT,2022-07-06 22:21:49,33.0833,-16.3333,65.75,75,55,12.1
424,Gunjur,GM,2022-07-06 22:21:49,13.2019,-16.7339,80.58,80,70,12.62
425,Odessa,UA,2022-07-06 22:21:49,46.4775,30.7326,74.84,52,0,11.9
426,Vyazemskiy,RU,2022-07-06 22:21:50,47.5378,134.7525,76.37,87,3,3.15
427,Arman,RU,2022-07-06 22:21:50,59.7,150.1667,59.23,79,2,4.81
428,Mayumba,GA,2022-07-06 22:21:51,-3.432,10.6554,69.39,93,47,6.11
429,Port Moresby,PG,2022-07-06 22:20:01,-9.4431,147.1797,77.59,84,33,3.36
430,Ariquemes,BR,2022-07-06 22:21:51,-9.9133,-63.0408,81.3,50,0,2.33
431,Vila Velha,BR,2022-07-06 22:21:52,-20.3297,-40.2925,70.95,88,0,9.8
432,Dunedin,NZ,2022-07-06 22:21:52,-45.8742,170.5036,44.8,75,88,1.99
433,Charyshskoye,RU,2022-07-06 22:21:53,51.3978,83.5598,53.83,89,100,5.77
434,Albania,AL,2022-07-06 22:21:53,41.0,20.0,74.53,61,0,3.96
435,Taitung,TW,2022-07-06 22:21:53,22.7583,121.1444,79.93,81,21,3.51
436,Jambi,ID,2022-07-06 22:21:54,-1.6,103.6167,72.97,98,47,2.48
437,Sidi Ali,DZ,2022-07-06 22:21:54,36.0998,0.4206,74.48,83,56,6.11
438,Coos Bay,US,2022-07-06 22:21:55,43.3665,-124.2179,71.31,91,100,1.01
439,Phalombe,MW,2022-07-06 22:21:55,-15.8064,35.6507,58.14,92,12,3.27
440,Neiafu,TO,2022-07-06 22:21:55,-18.65,-173.9833,76.41,64,71,21.27
441,Oga,IT,2022-07-06 22:21:56,46.4631,10.347,56.8,90,10,4.52
442,Nurota,UZ,2022-07-06 22:21:56,40.5614,65.6886,70.0,29,0,4.63
443,Verkhoyansk,RU,2022-07-06 22:21:57,67.5447,133.385,50.7,88,100,2.42
444,Iisalmi,FI,2022-07-06 22:21:57,63.5592,27.1907,51.58,97,65,4.61
445,Zaragoza,ES,2022-07-06 22:21:58,41.6561,-0.8773,70.02,58,29,8.01
446,Clarence Town,AU,2022-07-06 22:21:58,-32.5833,151.7833,59.81,97,100,9.13
447,Salym,RU,2022-07-06 22:18:47,60.0625,71.4789,50.47,84,3,3.85
448,Kozhva,RU,2022-07-06 22:21:59,65.1073,57.0459,64.02,75,69,5.14
449,Hohhot,CN,2022-07-06 22:21:59,40.8106,111.6522,70.16,32,0,4.09
450,Otjiwarongo,NA,2022-07-06 22:21:59,-20.4637,16.6477,57.45,35,0,8.84
451,Abu Dhabi,AE,2022-07-06 22:18:03,24.4667,54.3667,90.97,66,98,10.09
452,Havre-Saint-Pierre,CA,2022-07-06 22:22:00,50.2334,-63.5986,59.07,67,100,5.82
453,Mayo,US,2022-07-06 22:22:00,38.8876,-76.5119,90.99,76,70,4.27
454,Nouadhibou,MR,2022-07-06 22:22:01,20.931,-17.0347,69.39,81,0,31.7
455,Bridlington,GB,2022-07-06 22:22:01,54.0831,-0.1919,64.89,77,84,19.91
456,Anadyr,RU,2022-07-06 22:19:03,64.75,177.4833,50.0,87,79,8.01
457,Jingdezhen,CN,2022-07-06 22:22:02,29.2947,117.2079,77.49,95,90,2.24
458,Vardo,NO,2022-07-06 22:22:02,70.3705,31.1107,49.57,88,96,4.94
459,Nachingwea,TZ,2022-07-06 22:22:08,-10.3833,38.7667,63.57,89,18,3.04
460,Vostok,RU,2022-07-06 22:22:08,46.4856,135.8833,70.29,83,16,2.48
461,Pueblo Nuevo,MX,2022-07-06 22:22:09,23.3833,-105.3833,74.86,55,33,7.27
462,Houston,US,2022-07-06 22:21:47,29.7633,-95.3633,99.32,58,97,4.0
463,Kaeo,NZ,2022-07-06 22:22:09,-35.1,173.7833,61.32,97,100,7.02
464,Salalah,OM,2022-07-06 22:22:10,17.0151,54.0924,78.13,96,100,4.61
465,Nuqui,CO,2022-07-06 22:22:10,5.7125,-77.2708,80.4,82,39,7.43
466,Hasaki,JP,2022-07-06 22:22:11,35.7333,140.8333,72.28,91,86,16.8
467,Hoima,UG,2022-07-06 22:22:11,1.4356,31.3436,67.21,58,79,4.83
468,Semenivka,UA,2022-07-06 22:22:12,52.1783,32.5818,67.75,73,93,3.8
469,Deputatskiy,RU,2022-07-06 22:22:12,69.3,139.9,42.73,89,100,4.63
470,Hoover,US,2022-07-06 22:22:13,33.4054,-86.8114,95.0,56,92,1.99
471,Grand Gaube,MU,2022-07-06 22:22:13,-20.0064,57.6608,68.38,62,72,3.0
472,Umm Lajj,SA,2022-07-06 22:22:13,25.0213,37.2685,85.89,48,3,7.07
473,Dano,BF,2022-07-06 22:22:14,11.15,-3.0667,81.3,65,79,5.73
474,Kamenka,RU,2022-07-06 22:22:14,51.3223,42.7678,61.07,61,0,4.81
475,Mandalgovi,MN,2022-07-06 22:22:15,45.7625,106.2708,62.31,60,100,20.2
476,Tomatlan,MX,2022-07-06 22:22:15,19.9333,-105.25,88.92,59,85,10.02
477,Iquique,CL,2022-07-06 22:22:16,-20.2208,-70.1431,61.27,81,29,4.5
478,Celestun,MX,2022-07-06 22:22:16,20.8667,-90.4,84.9,69,95,15.86
479,La Ronge,CA,2022-07-06 22:22:16,55.1001,-105.2842,64.11,46,60,8.16
480,Bereda,ES,2022-07-06 22:22:17,43.2686,-7.5406,62.42,100,11,9.22
481,Assiniboia,CA,2022-07-06 22:22:17,49.6334,-105.9845,81.28,29,6,7.14
482,Ludvika,SE,2022-07-06 22:22:18,60.1496,15.1878,59.34,77,79,9.28
483,Greytown,ZA,2022-07-06 22:22:18,-29.0642,30.5928,50.67,97,77,1.81
484,Sampit,ID,2022-07-06 22:22:19,-2.5333,112.95,72.14,99,65,0.51
485,Fuxin,CN,2022-07-06 22:22:19,42.0156,121.6589,70.02,96,100,9.13
486,Kabanjahe,ID,2022-07-06 22:22:19,3.1001,98.4908,62.6,84,76,2.33
487,Kaitangata,NZ,2022-07-06 22:22:20,-46.2817,169.8464,45.46,73,100,3.13
488,Buraydah,SA,2022-07-06 22:22:20,26.326,43.975,85.51,15,54,9.69
489,Ancud,CL,2022-07-06 22:22:21,-41.8697,-73.8203,42.22,74,29,14.25
490,Maceio,BR,2022-07-06 22:21:06,-9.6658,-35.7353,75.22,86,11,14.52
491,Panaba,MX,2022-07-06 22:22:21,21.2833,-88.2667,89.22,54,78,14.74
492,Vieste,IT,2022-07-06 22:22:22,41.8825,16.175,79.23,64,6,10.36
493,Owando,CG,2022-07-06 22:22:22,-0.4819,15.8999,77.47,59,86,1.43
494,Impfondo,CG,2022-07-06 22:22:22,1.6381,18.0667,73.33,73,66,0.87
495,Rimbey,CA,2022-07-06 22:22:23,52.6334,-114.2353,61.63,79,100,9.91
496,Solnechnyy,RU,2022-07-06 22:22:23,50.7214,136.6319,78.1,73,14,7.09
497,Santa Rosa,PH,2022-07-06 22:21:18,14.3122,121.1114,80.11,93,98,2.48
498,Colares,PT,2022-07-06 22:22:24,38.7992,-9.4469,75.33,54,0,10.71
499,Abancay,PE,2022-07-06 22:22:24,-13.6339,-72.8814,67.64,44,26,7.87
500,Saryozek,KZ,2022-07-06 22:22:25,44.3583,77.9753,63.45,43,9,5.08
501,San Rafael,AR,2022-07-06 22:20:38,-34.6177,-68.3301,55.53,17,0,11.27
502,San Quintin,MX,2022-07-06 22:22:25,30.4833,-115.95,71.83,71,2,18.03
503,Nikel,RU,2022-07-06 22:22:26,69.4128,30.222,53.56,79,86,4.45
504,Honningsvag,NO,2022-07-06 22:22:00,70.9821,25.9704,49.55,87,63,9.84
505,Pulandian,CN,2022-07-06 22:22:26,39.3953,121.9669,73.58,98,100,9.06
506,Mecca,SA,2022-07-06 22:20:52,21.4267,39.8261,88.38,25,60,7.02
507,Kuryk,KZ,2022-07-06 22:22:32,43.2,51.65,70.56,45,0,8.25
508,Navalcarnero,ES,2022-07-06 22:22:32,40.2891,-4.012,76.46,45,1,14.81
509,La Palma,US,2022-07-06 22:22:33,33.8464,-118.0467,91.65,65,3,7.0
510,Omsukchan,RU,2022-07-06 22:22:33,62.5333,155.8,70.05,62,30,10.98
511,Mvomero,TZ,2022-07-06 22:22:33,-6.25,38.6667,67.08,93,32,4.05
512,Orissaare,EE,2022-07-06 22:22:34,58.5592,23.0826,60.03,81,3,8.12
513,Hokitika,NZ,2022-07-06 22:22:34,-42.7167,170.9667,47.17,75,98,5.03
514,Chihuahua,MX,2022-07-06 22:18:52,28.5,-106.0,82.96,30,87,7.29
515,Paamiut,GL,2022-07-06 22:22:35,61.994,-49.6678,42.53,96,100,6.55
516,Saratoga Springs,US,2022-07-06 22:22:35,43.0831,-73.7846,80.33,57,56,3.0
517,Te Anau,NZ,2022-07-06 22:22:36,-45.4167,167.7167,35.51,92,100,0.29
518,Santa Barbara,US,2022-07-06 22:22:36,34.7333,-120.0343,76.91,48,0,10.76
519,Uren,RU,2022-07-06 22:22:36,57.4552,45.7852,62.42,94,17,1.72
520,Qaqortoq,GL,2022-07-06 22:22:37,60.7167,-46.0333,44.42,94,100,4.68
521,Awbari,LY,2022-07-06 22:22:37,26.5921,12.7805,84.63,21,0,6.15
522,Krasnoselkup,RU,2022-07-06 22:22:38,65.7,82.4667,55.76,82,92,7.27
523,Kochi,IN,2022-07-06 22:22:38,9.9399,76.2602,76.01,88,99,8.03
524,Kirkenaer,NO,2022-07-06 22:22:38,60.4564,12.0582,52.75,93,100,5.37
525,Huasahuasi,PE,2022-07-06 22:22:39,-11.3167,-75.6167,45.37,64,21,7.76
526,Avera,US,2022-07-06 22:22:39,33.194,-82.5271,85.91,51,99,6.69
527,Broome,US,2022-07-06 22:22:40,42.2506,-75.833,78.71,65,61,7.0
528,Pareora,NZ,2022-07-06 22:22:40,-44.4871,171.2132,44.19,97,100,2.75
529,Saint-Joseph,RE,2022-07-06 22:22:40,-21.3667,55.6167,64.2,70,55,11.5
530,Axim,GH,2022-07-06 22:22:41,4.8699,-2.2405,75.94,89,85,8.12
531,Kutum,SD,2022-07-06 22:22:41,14.2,24.6667,84.34,19,20,3.69
532,Berasia,IN,2022-07-06 22:22:42,23.6333,77.4333,77.74,88,97,6.64
533,Nechi,CO,2022-07-06 22:22:42,8.0942,-74.7757,82.83,79,100,2.55
534,Pisco,PE,2022-07-06 22:22:43,-13.7,-76.2167,64.02,81,2,3.29
535,Toora-Khem,RU,2022-07-06 22:22:43,52.4675,96.11,50.31,89,54,1.39
536,Lata,PT,2022-07-06 22:22:43,40.1629,-8.3327,67.03,70,0,1.16
537,Emerald,AU,2022-07-06 22:22:44,-23.5333,148.1667,48.34,94,0,8.05
538,Carutapera,BR,2022-07-06 22:22:45,-1.195,-46.02,74.75,91,14,5.14
539,Ozernovskiy,RU,2022-07-06 22:22:45,51.5,156.5167,51.82,86,100,2.93
540,Hit,IQ,2022-07-06 22:22:45,33.6416,42.8251,93.74,14,0,17.31
541,Xenia,US,2022-07-06 22:22:46,39.6848,-83.9296,82.83,81,100,9.71
542,Ahtopol,BG,2022-07-06 22:22:46,42.1,27.95,69.44,70,0,7.0
543,Sakakah,SA,2022-07-06 22:22:47,29.9697,40.2064,83.55,15,0,10.71
544,Konstantinovka,RU,2022-07-06 22:22:47,49.6167,127.9833,70.95,94,100,9.6
545,Aanekoski,FI,2022-07-06 22:22:47,62.6946,25.818,53.67,94,61,4.83
546,Thabazimbi,ZA,2022-07-06 22:22:48,-24.5917,27.4116,59.61,46,0,2.21
547,Male,MV,2022-07-06 22:22:48,4.1748,73.5089,82.6,77,100,10.8
548,Waddan,LY,2022-07-06 22:22:48,29.1614,16.139,84.97,30,0,9.01
549,Astara,AZ,2022-07-06 22:22:49,38.5,48.6667,63.14,55,59,3.15
550,Luanda,AO,2022-07-06 22:19:45,-8.8368,13.2343,67.93,91,0,6.91
551,Gberia Fotombu,SL,2022-07-06 22:22:49,9.8833,-11.1667,70.5,97,87,4.12
